,TABLE_SCHEMA,TABLE_NAME,COLUMN_NAME
2089,retail_db,categories,category_id
2090,retail_db,categories,category_department_id
2091,retail_db,categories,category_name
2092,retail_db,customers,customer_id
2093,retail_db,customers,customer_fname
2094,retail_db,customers,customer_lname
2095,retail_db,customers,customer_email
2096,retail_db,customers,customer_password
2097,retail_db,customers,customer_street
2098,retail_db,customers,customer_city
2099,retail_db,customers,customer_state
2100,retail_db,customers,customer_zipcode
2101,retail_db,departments,department_id
2102,retail_db,departments,department_name
2103,retail_db,order_items,order_item_id
2104,retail_db,order_items,order_item_order_id
2105,retail_db,order_items,order_item_product_id
2106,retail_db,order_items,order_item_quantity
2107,retail_db,order_items,order_item_subtotal
2108,retail_db,order_items,order_item_product_price
2109,retail_db,orders,order_id
2110,retail_db,orders,order_date
2111,retail_db,orders,order_customer_id
2112,retail_db,orders,order_status
2113,retail_db,products,product_id
2114,retail_db,products,product_category_id
2115,retail_db,products,product_name
2116,retail_db,products,product_description
2117,retail_db,products,product_price
2118,retail_db,products,product_image
